Passenger ID,First Name,Last Name,Gender,Age,Nationality,Airport Name,Airport Country Code,Country Name,Airport Continent,Continents,Departure Date,Arrival Airport,Pilot Name,Flight Status
9197,1065,7225,0,20,17,4078,70,207,2,2,216,3860,4862,2
8151,4182,4619,1,16,84,4671,99,94,1,1,247,85,463,2
3780,4801,742,0,51,154,2088,50,74,2,2,198,1887,6637,1
2461,2417,5019,1,54,154,5932,149,138,2,2,202,5571,8421,1
6682,5343,231,0,55,162,5560,32,35,3,3,186,5167,5504,2
331,980,8054,1,26,84,2137,192,194,1,1,284,1958,150,1
1568,1099,6998,1,19,100,3910,205,208,3,3,325,5672,6215,1
2274,2169,2899,1,73,37,2954,151,137,1,1,1,2824,8783,1
936,5035,8264,1,86,154,878,205,208,3,3,212,1131,4802,2
8792,1525,6156,1,48,148,2499,155,155,5,5,66,2359,4864,1
9043,286,4702,0,48,58,4391,148,141,3,3,314,4146,1097,0
6592,3678,781,0,18,142,3944,156,70,4,4,15,3660,4133,1
4575,3384,6759,0,56,175,3550,40,38,5,5,302,3188,5339,1
6932,3286,4626,0,46,84,3308,32,35,3,3,221,5755,9145,1
6771,2924,6060,1,36,84,3191,42,39,1,1,157,3076,999,0
4292,5439,2577,1,12,154,4471,70,207,2,2,125,1638,8573,1
3349,4357,4146,0,48,37,4057,32,35,3,3,131,5876,4613,1
731,2542,7691,1,84,84,5023,129,145,2,2,217,4614,8711,0
2995,3976,474,1,63,37,4850,182,181,0,0,284,945,4426,2
6102,2220,4939,1,3,185,5735,43,42,5,5,249,5385,736,0
7095,4183,2372,0,12,75,3017,205,208,3,3,57,1894,4506,2
6020,5055,4861,1,66,115,2489,166,154,5,5,196,322,4319,1
5912,759,4780,1,48,149,5463,104,101,1,1,251,5011,9970,0
9151,3625,8488,0,8,169,1856,157,153,4,4,264,1841,5810,0
4470,2101,2947,1,20,37,3861,157,153,4,4,169,2184,8868,1
6723,5360,4707,1,35,172,1134,10,9,4,4,28,951,1470,1
9686,2709,1876,1,42,37,2210,205,208,3,3,33,1942,3118,1
8693,4951,1885,0,65,92,1532,149,138,2,2,92,1393,5520,2
3588,4355,8081,1,8,25,5443,92,93,1,1,269,5052,431,2
3358,4866,7209,1,3,45,3209,86,86,5,5,279,5306,8263,0
5744,2240,5240,1,71,84,4022,29,25,0,0,159,3810,7862,0
4642,5093,3124,0,74,148,3815,205,208,3,3,99,923,3819,0
6835,4142,5977,1,75,12,2120,205,208,3,3,135,2109,1548,2
2528,2662,8411,1,35,25,3486,159,149,1,1,20,3416,4891,0
7161,4874,1720,1,63,89,5161,176,188,2,2,312,554,6818,0
91,5623,590,0,88,175,5149,205,208,3,3,122,516,1957,0
5548,3571,3927,0,33,162,1226,205,208,3,3,96,833,5486,0
8039,1824,8939,0,65,121,5521,43,42,5,5,232,4909,8460,0
9977,3415,8369,0,83,7,4256,16,30,0,0,122,4137,698,0
2948,3606,1324,1,19,175,3056,92,93,1,1,142,3046,1327,2
907,3105,7675,0,26,177,2810,10,9,4,4,287,2633,1131,2
5436,2935,5637,0,45,37,4638,61,184,2,2,71,4391,6341,1
6678,3237,5055,0,35,201,3602,205,208,3,3,298,3430,3503,1
4711,4413,5816,0,22,84,739,205,208,3,3,218,634,944,2
7258,312,4197,1,49,86,5324,202,193,0,0,45,4954,5160,1
7841,2905,8130,0,47,37,2319,157,153,4,4,238,2204,5439,0
7353,2111,6517,0,14,154,4907,42,39,1,1,214,4824,8576,1
8080,1017,2881,0,66,154,3460,6,4,0,0,242,4695,5911,2
2677,199,8615,0,88,198,3225,192,194,1,1,73,4177,3290,2
2046,4258,2699,0,34,150,2547,34,45,0,0,344,1588,4372,0
2220,4700,6010,0,56,175,2228,100,91,2,2,47,1973,1508,2
5756,2760,8056,0,59,55,137,32,35,3,3,273,5943,6219,1
6676,4088,5883,0,38,148,4867,99,94,1,1,253,4671,2296,2
7636,5590,2801,1,33,84,736,205,208,3,3,145,531,8438,1
2890,5001,4553,0,8,147,3059,42,39,1,1,298,1985,1034,2
4113,5234,6114,0,8,66,458,86,86,5,5,329,1734,7345,1
8915,4514,8703,0,41,25,5129,32,35,3,3,349,5712,5100,2
8380,2712,5114,1,63,137,2626,157,153,4,4,283,2680,249,2
2157,3951,6772,0,9,37,4186,10,9,4,4,220,3933,2279,2
6602,3498,5918,0,19,37,496,205,208,3,3,8,1287,1336,0
6739,2143,3637,1,70,25,1665,156,70,4,4,157,1558,4011,1
304,791,6491,1,82,181,5152,205,208,3,3,340,4765,7266,0
931,4812,3160,1,36,79,750,205,208,3,3,157,720,9766,1
5699,2992,8214,0,66,175,294,37,189,2,2,300,44,4763,2
532,5468,2311,0,36,37,2462,96,92,1,1,349,2327,543,0
8747,4496,8831,1,47,84,3438,32,35,3,3,33,5978,3403,0
4923,4383,5045,1,75,180,5905,32,35,3,3,357,5972,8942,1
8297,636,3571,0,32,106,4558,205,208,3,3,46,4443,7219,2
4306,2242,6228,0,5,175,997,205,208,3,3,46,965,9588,1
8011,1178,2964,1,89,129,2969,68,68,2,2,137,2770,6546,1
3726,133,5469,1,32,38,1198,10,9,4,4,273,950,9248,0
2875,106,7687,0,20,41,4015,168,161,2,2,314,3785,9785,1
9729,2716,2909,1,85,23,5239,205,208,3,3,324,4847,8636,1
8678,90,7,1,36,84,2860,112,107,1,1,251,2723,5643,2
5931,1753,4068,0,46,149,4501,96,92,1,1,33,4261,5752,0
4813,3686,5368,0,27,175,4478,70,207,2,2,223,3711,1158,0
4032,1482,7642,1,70,169,4861,157,153,4,4,361,4470,2094,0
5094,5655,2686,1,64,149,482,117,185,1,1,311,655,4017,0
3116,1810,3755,1,8,154,4745,155,155,5,5,45,208,6939,1
7745,936,6118,1,22,27,1279,7,7,5,5,6,1072,6305,0
7502,3331,594,1,42,37,5637,114,103,1,1,305,5295,5958,1
6457,1736,429,1,42,154,778,157,153,4,4,127,581,5250,0
4156,4207,4027,0,32,149,2224,10,9,4,4,127,2048,8270,2
1936,55,670,1,14,68,5620,26,26,5,5,136,746,5705,2
6606,3841,3769,0,5,61,2360,117,185,1,1,203,2245,9755,1
4346,668,8630,0,78,84,2542,99,94,1,1,59,2590,3239,1
4078,1242,7090,1,17,154,4428,99,94,1,1,269,1921,8637,2
8654,742,8682,0,46,148,6084,181,172,0,0,155,6044,5068,0
5807,5036,6016,1,35,84,3904,205,208,3,3,263,4043,1751,1
2173,1765,9016,0,32,93,4062,109,43,0,0,299,127,5305,0
8364,5544,8987,1,82,149,916,206,209,5,5,1,3402,3003,0
2506,2523,970,0,39,148,739,205,208,3,3,306,634,509,2
7536,2696,1902,0,19,61,5830,205,208,3,3,161,3859,9454,2
4108,4646,6461,0,44,148,1028,10,9,4,4,329,778,9795,1
6846,1945,7057,1,34,84,510,127,118,0,0,289,3851,3353,0
8238,4326,488,0,37,87,84,32,35,3,3,92,142,8329,2
5846,1803,5782,1,81,84,4701,170,162,1,1,340,4639,3639,2
9480,1449,2208,1,43,37,2102,205,208,3,3,98,1315,8023,1
1605,914,3141,0,20,94,70,205,208,3,3,188,191,3002,0
8477,3851,5618,0,88,150,3142,205,208,3,3,198,2997,7285,2
